_id,PROVINCIA,COMUNE,INDIRIZZO,Tipologia Impianto,Reflui Trattati,Potenz. (A.E.),Corpo  Recettore,Recettore Finale,Data Sopralluogo,PRELIEVO,Riferimento normativo,Esito Prelievo,Parametri non conformi,NOTE
1,CASERTA,ORTA DI ATELLA,Strada Prov.Le Succivo-Marcianise,Comprensoriale,Urbani,391016,Regi Lagni,Regi Lagni,2024-05-08T00:00:00,SI,D. Lgs. 152/06 - Allegato  5 - Tabella 3,Conforme,,                                                                                       8° su 3 h                                                                                                                                          In merito alla funzionalità impianto vedi cheda allegata al Verbale 99/SA/24. In Manutenzione:Grigliatura fine : griglie 7-8-9;Dissabbiatura: linea B MS103 A -B; RICIRCOLO FANGHI: MP105E-MP105C; LINEA FANGHI: MS203B; LINEA FANGHI MS203B.-
2,CASERTA,ORTA DI ATELLA,Strada Prov.Le Succivo-Marcianise,Comprensoriale,Urbani,391016,Regi Lagni,Regi Lagni,2024-06-08T00:00:00,SI,D. Lgs. 152/06 - Allegato  5 - Tabella 1,Conforme,,8° su 24 h
3,CASERTA,PIGNATARO MAGGIORE,Pezzospina,Comunale,Urbani,6000,Canale Ferrovia,Canale Agnena,2026-01-03T00:00:00,SI,D. Lgs. 152/06 - Allegato  5 - Tabella 3,Non Conforme, Escherichia coli,
4,CASERTA,VILLA LITERNO,Localita' Quarto Di Basso,Comprensoriale,Urbani (85%) -Industriali (15%),631714,Regi Lagni,Regi Lagni,2024-09-01T00:00:00,SI,D. Lgs. 152/06 - Allegato  5 - Tabella 3,Conforme,,"                                       1° su 3 h                                                                                          
Vedi scheda allegata al Verbale 01/PM/24. In Manutenzione: Sollevamento-Coclea 102; SED. PRIMARIA: SP3;  ;Filtrazione da F1 a F12; Ricirc. fanghi 620, In esercizio una centrifuga mobile; IDROVORE SOCCORSO: ISS2-3-4-5; LINEA FANGHI: CENTRIFUGHE A-B;"
5,CASERTA,VILLA LITERNO,Localita' Quarto Di Basso,Comprensoriale,Urbani (85%) -Industriali (15%),631714,Regi Lagni,Regi Lagni,2024-10-01T00:00:00,SI,D. Lgs. 152/06 - Allegato  5 - Tabella 1,Conforme,,1° su 24 h
6,CASERTA,VILLA LITERNO,Localita' Quarto Di Basso,Comprensoriale,Urbani (85%) -Industriali (15%),631714,Regi Lagni,Regi Lagni,2025-07-02T00:00:00,SI,D. Lgs. 152/06 - Allegato  5 - Tabella 3,Non Conforme,AZOTO NITROSO,                                                                                     2° su 3 h                                                                                         Vedi scheda allegata al Verbale 29/FD/24. In Manutenzione: Sollevamento-Coclea 102;DISS.-DISOL.: Linea 2; SED. PRIMARIA: SP3;  Ossid./Denitrif. Vasca 2; Ricirc. fanghi 620 (In esercizio una centrifuga mobile); IDROVORE SOCCORSO: ISS2-ISS3-ISS4-ISS5.-
7,CASERTA,VILLA LITERNO,Localita' Quarto Di Basso,Comprensoriale,Urbani (85%) -Industriali (15%),631714,Regi Lagni,Regi Lagni,2025-08-02T00:00:00,SI,D. Lgs. 152/06 - Allegato  5 - Tabella 1,Conforme,,2° su 24 h
8,CASERTA,VILLA LITERNO,Localita' Quarto Di Basso,Comprensoriale,Urbani (85%) -Industriali (15%),631714,Regi Lagni,Regi Lagni,2025-06-03T00:00:00,SI,D. Lgs. 152/06 - Allegato  5 - Tabella 3,Non Conforme,AZOTO NITROSO,"                   3° su 3 h                                                                                                                        
  Vedi scheda allegata al Verbale 44/FD/24. In Manutenzione: DISS.-DISOL.: Linea 1;SED. PRIMARIA: SP3;  Ossid./Denitrif. Vasca 5; Ricirc. fanghi 620 (In esercizio una centrifuga mobile); UV1-UV2-UV3; IDROVORE SOLL.TO SOCCORSO: ISS2-3-4-5; .-"
9,CASERTA,VILLA LITERNO,Localita' Quarto Di Basso,Comprensoriale,Urbani (85%) -Industriali (15%),631714,Regi Lagni,Regi Lagni,2025-07-03T00:00:00,SI,D. Lgs. 152/06 - Allegato  5 - Tabella 1,Conforme,,3° su 24 h
10,CASERTA,VILLA LITERNO,Localita' Quarto Di Basso,Comprensoriale,Urbani (85%) -Industriali (15%),631714,Regi Lagni,Regi Lagni,2025-03-04T00:00:00,SI,D. Lgs. 152/06 - Allegato  5 - Tabella 3,Conforme,,"4° su 3 h                                                                                                                                         
Vedi scheda allegata al Verbale 48/SA/24. In Manutenzione: ;SED. PRIMARIA: SP3;   OSSIDAZ.BIO-DENITRO: Vasca 5; Ricirc. fanghi 620 (In esercizio una centrifuga mobile); DISINFEZIONE: U.V.3; IDROVORE SOLL.SOCCORSO: ISS1-2-3-4-5.-"
11,CASERTA,VILLA LITERNO,Localita' Quarto Di Basso,Comprensoriale,Urbani (85%) -Industriali (15%),631714,Regi Lagni,Regi Lagni,2025-04-04T00:00:00,SI,D. Lgs. 152/06 - Allegato  5 - Tabella 1,Conforme,,4° su 24 h
12,CASERTA,VILLA LITERNO,Localita' Quarto Di Basso,Comprensoriale,Urbani (85%) -Industriali (15%),631714,Regi Lagni,Regi Lagni,2024-06-05T00:00:00,SI,D. Lgs. 152/06 - Allegato  5 - Tabella 3,Conforme,,                                                                       5° su 3 h                                                                                          Vedi scheda allegata al Verbale45/DSF/24. In Manutenzione: SED. PRIMARIA: SP3; OSS. BIOL.-DENITRO: Vasca 5;  Ricirc. fanghi : 620( In esercizio una centrifuga mobile);UV3: TUTTA LA LINEA; IDROVORE DI SOCCORSO: ISS1-2-3-4-5;  LINEA FANGHI: CENTRIGUGA A.-
13,CASERTA,VILLA LITERNO,Localita' Quarto Di Basso,Comprensoriale,Urbani (85%) -Industriali (15%),631714,Regi Lagni,Regi Lagni,2024-07-05T00:00:00,SI,D. Lgs. 152/06 - Allegato  5 - Tabella 1,Conforme,,5° su 24 h
14,CASERTA,VILLA LITERNO,Localita' Quarto Di Basso,Comprensoriale,Urbani (85%) -Industriali (15%),631714,Regi Lagni,Regi Lagni,2025-05-06T00:00:00,SI,D. Lgs. 152/06 - Allegato  5 - Tabella 3,Conforme,,                                                                  6° su 3 h                                                                                         Vedi scheda allegata al Verbale 60/DSF/24. In Manutenzione: Sollevamento-Coclea 101;SED. PRIMARIA: SP3; Ricirc. fanghi 620 (In esercizio una centrifuga mobile); UV 3;  IDROVORE SOCCORSO: ISS 2-3-4-5; IDROVORE ANTIALLAGAMENTO: IA3; LINEA FANGHI: CENTRIFUGA A.-
15,CASERTA,VILLA LITERNO,Localita' Quarto Di Basso,Comprensoriale,Urbani (85%) -Industriali (15%),631714,Regi Lagni,Regi Lagni,2025-06-06T00:00:00,SI,D. Lgs. 152/06 - Allegato  5 - Tabella 1,Conforme,,6° su 24 h
16,CASERTA,VILLA LITERNO,Localita' Quarto Di Basso,Comprensoriale,Urbani (85%) -Industriali (15%),631714,Regi Lagni,Regi Lagni,2026-06-07T00:00:00,SI,D. Lgs. 152/06 - Allegato  5 - Tabella 3,Conforme,,                                                                                   7° su 3 h                                                                                          Vedi scheda allegata al Verbale 130/FD/24. In Manutenzione: Sollevamento-Coclea 101; SED. PRIMARIA: SP3; OSSID.- DENITRO: Vasca 11;  Ricirc. fanghi 620 (In esercizio una centrifuga mobile); 
17,CASERTA,VILLA LITERNO,Localita' Quarto Di Basso,Comprensoriale,Urbani (85%) -Industriali (15%),631714,Regi Lagni,Regi Lagni,2026-07-07T00:00:00,SI,D. Lgs. 152/06 - Allegato  5 - Tabella 1,Conforme,,7° su 24 h
18,CASERTA,VILLA LITERNO,Localita' Quarto Di Basso,Comprensoriale,Urbani (85%) -Industriali (15%),631714,Regi Lagni,Regi Lagni,2026-05-08T00:00:00,SI,D. Lgs. 152/06 - Allegato  5 - Tabella 1,Conforme,,8° su 24 h
19,NAPOLI,ANACAPRI,Loc. La Selva senza n.c.,Comunale,Urbani,n.d.,Corpo Idrico Superficiale,Mar Tirreno,2025-08-03T00:00:00,SI,D. Lgs. 152/06 - Allegato  5 - Tabella 3,Non Conforme,"COD, Escherichia coli, Saggio di tossicità acuta con D. magna","Attività svolta alla presenza dell'UCM di Capri, che ha chiesto collaborazione per il controllo degli scarichi dell'isola"
20,NAPOLI,CAIVANO,Loc. Omomorto,Comprensoriale,Urbani,276000,Corpo Idrico Superficiale,Regi Lagni,2025-05-01T00:00:00,SI,D. Lgs. 152/06 - Allegato  5 - Tabella 1,Conforme,/,/
21,NAPOLI,CAIVANO,Loc. Omomorto,Comprensoriale,Urbani,276000,Corpo Idrico Superficiale,Regi Lagni,2026-06-01T00:00:00,SI,D. Lgs. 152/06 - Allegato  5 - Tabella 1,Conforme,/,/
22,NAPOLI,CAIVANO,Loc. Omomorto,Comprensoriale,Urbani,276000,Corpo Idrico Superficiale,Regi Lagni,2025-08-02T00:00:00,SI,D. Lgs. 152/06 - Allegato  5 - Tabella 1,Conforme,/,/
23,NAPOLI,CAIVANO,Loc. Omomorto,Comprensoriale,Urbani,276000,Corpo Idrico Superficiale,Regi Lagni,2025-08-02T00:00:00,SI,D. Lgs. 152/06 - Allegato  5 - Tabella 3,Non Conforme,"Azoto ammoniacale, Azoto nitroso",/
24,NAPOLI,CAIVANO,Loc. Omomorto,Comprensoriale,Urbani,276000,Corpo Idrico Superficiale,Regi Lagni,2025-03-03T00:00:00,SI,D. Lgs. 152/06 - Allegato  5 - Tabella 1,Conforme,/,/
25,NAPOLI,CAIVANO,Loc. Omomorto,Comprensoriale,Urbani,276000,Corpo Idrico Superficiale,Regi Lagni,2026-02-03T00:00:00,SI,D. Lgs. 152/06 - Allegato  5 - Tabella 1,Conforme,/,/
26,NAPOLI,CAIVANO,Loc. Omomorto,Comprensoriale,Urbani,276000,Corpo Idrico Superficiale,Regi Lagni,2024-03-04T00:00:00,SI,D. Lgs. 152/06 - Allegato  5 - Tabella 3,Non Conforme,Saggio di tossicità acuta con D. Magna,/
27,NAPOLI,CAIVANO,Loc. Omomorto,Comprensoriale,Urbani,276000,Corpo Idrico Superficiale,Regi Lagni,2024-04-04T00:00:00,SI,D. Lgs. 152/06 - Allegato  5 - Tabella 1,Conforme,/,/
28,NAPOLI,CAIVANO,Loc. Omomorto,Comprensoriale,Urbani,276000,Corpo Idrico Superficiale,Regi Lagni,2026-06-04T00:00:00,SI,D. Lgs. 152/06 - Allegato  5 - Tabella 1,Conforme,/,/
29,NAPOLI,CAIVANO,Loc. Omomorto,Comprensoriale,Urbani,276000,Corpo Idrico Superficiale,Regi Lagni,2025-04-05T00:00:00,SI,D. Lgs. 152/06 - Allegato  5 - Tabella 1,Conforme,/,d'iniziativa
30,NAPOLI,CAIVANO,Loc. Omomorto,Comprensoriale,Urbani,276000,Corpo Idrico Superficiale,Regi Lagni,2024-04-06T00:00:00,SI,D. Lgs. 152/06 - Allegato  5 - Tabella 3,Non Conforme,"Odore, Azoto ammoniacale",d'iniziativa
31,NAPOLI,CAIVANO,Loc. Omomorto,Comprensoriale,Urbani,276000,Corpo Idrico Superficiale,Regi Lagni,2024-05-06T00:00:00,SI,D. Lgs. 152/06 - Allegato  5 - Tabella 1,Conforme,/,d'iniziativa
32,NAPOLI,CAIVANO,Loc. Omomorto,Comprensoriale,Urbani,276000,Corpo Idrico Superficiale,Regi Lagni,2024-03-07T00:00:00,SI,D. Lgs. 152/06 - Allegato  5 - Tabella 1,Conforme,/,d'iniziativa
33,NAPOLI,CAIVANO,Loc. Omomorto,Comprensoriale,Urbani,276000,Corpo Idrico Superficiale,Regi Lagni,2025-07-07T00:00:00,SI,D. Lgs. 152/06 - Allegato  5 - Tabella 1,Conforme,/,d'iniziativa
34,NAPOLI,CAPRI,Trav. S. Francesco s.n.c.,Comunale,Urbani,n.d.,Corpo Idrico Superficiale,Mar Tirreno,2025-08-03T00:00:00,SI,D. Lgs. 152/06 - Allegato  5 - Tabella 3,Non Conforme,"Azoto ammoniacale, COD, BOD5, Escherichia coli","Attività svolta alla presenza dell'UCM di Capri, che ha chiesto collaborazione per il controllo degli scarichi dell'isola"
35,NAPOLI,CASTELLAMMARE DI STABIA,Via Napoli,Comprensoriale,Urbani,500000,Corpo Idrico Superficiale,Mar Tirreno,2024-04-01T00:00:00,SI,D. Lgs. 152/06 - Allegato  5 - Tabella 1,Conforme,/,/
36,NAPOLI,CASTELLAMMARE DI STABIA,Via Napoli,Comprensoriale,Urbani,500000,Corpo Idrico Superficiale,Mar Tirreno,2025-07-01T00:00:00,SI,D. Lgs. 152/06 - Allegato  5 - Tabella 1,Conforme,/,/
37,NAPOLI,CASTELLAMMARE DI STABIA,Via Napoli,Comprensoriale,Urbani,500000,Corpo Idrico Superficiale,Mar Tirreno,2025-03-02T00:00:00,SI,D. Lgs. 152/06 - Allegato  5 - Tabella 1,Conforme,/,/
38,NAPOLI,CASTELLAMMARE DI STABIA,Via Napoli,Comprensoriale,Urbani,500000,Corpo Idrico Superficiale,Mar Tirreno,2026-03-02T00:00:00,SI,D. Lgs. 152/06 - Allegato  5 - Tabella 3,Conforme,/,/
39,NAPOLI,CASTELLAMMARE DI STABIA,Via Napoli,Comprensoriale,Urbani,500000,Corpo Idrico Superficiale,Mar Tirreno,2026-04-02T00:00:00,SI,D. Lgs. 152/06 - Allegato  5 - Tabella 1,Conforme,/,/
40,NAPOLI,CASTELLAMMARE DI STABIA,Via Napoli,Comprensoriale,Urbani,500000,Corpo Idrico Superficiale,Mar Tirreno,2025-02-03T00:00:00,SI,D. Lgs. 152/06 - Allegato  5 - Tabella 1,Conforme,/,/
41,NAPOLI,CASTELLAMMARE DI STABIA,Via Napoli,Comprensoriale,Urbani,500000,Corpo Idrico Superficiale,Mar Tirreno,2026-03-03T00:00:00,SI,D. Lgs. 152/06 - Allegato  5 - Tabella 1,Conforme,/,/
42,NAPOLI,CASTELLAMMARE DI STABIA,Via Napoli,Comprensoriale,Urbani,500000,Corpo Idrico Superficiale,Mar Tirreno,2024-08-04T00:00:00,SI,D. Lgs. 152/06 - Allegato  5 - Tabella 3,Conforme,/,/
43,NAPOLI,CASTELLAMMARE DI STABIA,Via Napoli,Comprensoriale,Urbani,500000,Corpo Idrico Superficiale,Mar Tirreno,2024-09-04T00:00:00,SI,D. Lgs. 152/06 - Allegato  5 - Tabella 1,Conforme,/,/
44,NAPOLI,CASTELLAMMARE DI STABIA,Via Napoli,Comprensoriale,Urbani,500000,Corpo Idrico Superficiale,Mar Tirreno,2025-09-05T00:00:00,SI,D. Lgs. 152/06 - Allegato  5 - Tabella 1,Conforme,/,d'iniziativa
45,NAPOLI,CASTELLAMMARE DI STABIA,Via Napoli,Comprensoriale,Urbani,500000,Corpo Idrico Superficiale,Mar Tirreno,2025-09-06T00:00:00,SI,D. Lgs. 152/06 - Allegato  5 - Tabella 1,Conforme,/,d'iniziativa
46,NAPOLI,CASTELLAMMARE DI STABIA,Via Napoli,Comprensoriale,Urbani,500000,Corpo Idrico Superficiale,Mar Tirreno,2024-01-07T00:00:00,SI,D. Lgs. 152/06 - Allegato  5 - Tabella 3,Conforme,/,d'iniziativa
47,NAPOLI,CASTELLAMMARE DI STABIA,Via Napoli,Comprensoriale,Urbani,500000,Corpo Idrico Superficiale,Mar Tirreno,2024-02-07T00:00:00,SI,D. Lgs. 152/06 - Allegato  5 - Tabella 1,Conforme,/,d'iniziativa
48,NAPOLI,CUMA (NAPOLI OVEST),Via Domitiana - Loc. Cuma/Licola,Comprensoriale,Urbani,1800000,Corpo Idrico Superficiale,Mar Tirreno,2024-12-01T00:00:00,SI,D. Lgs. 152/06 - Allegato  5 - Tabella 1,Conforme,/,/
49,NAPOLI,CUMA (NAPOLI OVEST),Via Domitiana - Loc. Cuma/Licola,Comprensoriale,Urbani,1800000,Corpo Idrico Superficiale,Mar Tirreno,2025-12-01T00:00:00,SI,D. Lgs. 152/06 - Allegato  5 - Tabella 1,Conforme,/,/
50,NAPOLI,CUMA (NAPOLI OVEST),Via Domitiana - Loc. Cuma/Licola,Comprensoriale,Urbani,1800000,Corpo Idrico Superficiale,Mar Tirreno,2025-12-01T00:00:00,SI,D. Lgs. 152/06 - Allegato  5 - Tabella 3,Conforme,/,/
51,NAPOLI,CUMA (NAPOLI OVEST),Via Domitiana - Loc. Cuma/Licola,Comprensoriale,Urbani,1800000,Corpo Idrico Superficiale,Mar Tirreno,2025-02-02T00:00:00,SI,D. Lgs. 152/06 - Allegato  5 - Tabella 1,Conforme,/,/
52,NAPOLI,CUMA (NAPOLI OVEST),Via Domitiana - Loc. Cuma/Licola,Comprensoriale,Urbani,1800000,Corpo Idrico Superficiale,Mar Tirreno,2025-11-02T00:00:00,SI,D. Lgs. 152/06 - Allegato  5 - Tabella 1,Conforme,/,/
53,NAPOLI,CUMA (NAPOLI OVEST),Via Domitiana - Loc. Cuma/Licola,Comprensoriale,Urbani,1800000,Corpo Idrico Superficiale,Mar Tirreno,2024-08-03T00:00:00,SI,D. Lgs. 152/06 - Allegato  5 - Tabella 1,Conforme,/,/
54,NAPOLI,CUMA (NAPOLI OVEST),Via Domitiana - Loc. Cuma/Licola,Comprensoriale,Urbani,1800000,Corpo Idrico Superficiale,Mar Tirreno,2025-08-03T00:00:00,si,D. Lgs. 152/06 - Allegato  5 - Tabella 1,Conforme,/,/
55,NAPOLI,CUMA (NAPOLI OVEST),Via Domitiana - Loc. Cuma/Licola,Comprensoriale,Urbani,1800000,Corpo Idrico Superficiale,Mar Tirreno,2025-08-03T00:00:00,SI,D. Lgs. 152/06 - Allegato  5 - Tabella 3,Conforme,/,/
56,NAPOLI,CUMA (NAPOLI OVEST),Via Domitiana - Loc. Cuma/Licola,Comprensoriale,Urbani,1800000,Corpo Idrico Superficiale,Mar Tirreno,2024-04-04T00:00:00,SI,D. Lgs. 152/06 - Allegato  5 - Tabella 1,Conforme,/,/
57,NAPOLI,CUMA (NAPOLI OVEST),Via Domitiana - Loc. Cuma/Licola,Comprensoriale,Urbani,1800000,Corpo Idrico Superficiale,Mar Tirreno,2025-03-05T00:00:00,SI,D. Lgs. 152/06 - Allegato  5 - Tabella 3,Conforme,/,d'iniziativa
58,NAPOLI,CUMA (NAPOLI OVEST),Via Domitiana - Loc. Cuma/Licola,Comprensoriale,Urbani,1800000,Corpo Idrico Superficiale,Mar Tirreno,2026-07-05T00:00:00,SI,D. Lgs. 152/06 - Allegato  5 - Tabella 1,Conforme,/,d'iniziativa
59,NAPOLI,CUMA (NAPOLI OVEST),Via Domitiana - Loc. Cuma/Licola,Comprensoriale,Urbani,1800000,Corpo Idrico Superficiale,Mar Tirreno,2025-07-06T00:00:00,SI,D. Lgs. 152/06 - Allegato  5 - Tabella 1,Conforme,/,d'iniziativa
60,NAPOLI,CUMA (NAPOLI OVEST),Via Domitiana - Loc. Cuma/Licola,Comprensoriale,Urbani,1800000,Corpo Idrico Superficiale,Mar Tirreno,2024-08-07T00:00:00,SI,D. Lgs. 152/06 - Allegato  5 - Tabella 3,Non Conforme,Saggio tossicità acuta con D. magna,d'iniziativa
61,NAPOLI,CUMA (NAPOLI OVEST),Via Domitiana - Loc. Cuma/Licola,Comprensoriale,Urbani,1800000,Corpo Idrico Superficiale,Mar Tirreno,2024-09-07T00:00:00,SI,D. Lgs. 152/06 - Allegato  5 - Tabella 1,Conforme,/,d'iniziativa
62,NAPOLI,CUMA (NAPOLI OVEST),Via Domitiana - Loc. Cuma/Licola,Comprensoriale,Urbani,1800000,Corpo Idrico Superficiale,Mar Tirreno,2025-11-07T00:00:00,SI,D. Lgs. 152/06 - Allegato  5 - Tabella 1,Non Conforme,"Solidi sospesi totali, COD","d'iniziativa
parametri in tolleranza
NC n° 1/2024
scarico in regola"
63,NAPOLI,MARIGLIANO,Loc. Bosco Estirpato,Comprensoriale,Urbani,400000,Corpo Idrico Superficiale,Regi Lagni,2025-05-01T00:00:00,SI,D. Lgs. 152/06 - Allegato  5 - Tabella 1,Conforme,/,/
64,NAPOLI,MARIGLIANO,Loc. Bosco Estirpato,Comprensoriale,Urbani,400000,Corpo Idrico Superficiale,Regi Lagni,2026-06-01T00:00:00,SI,D. Lgs. 152/06 - Allegato  5 - Tabella 1,Conforme,/,/
65,NAPOLI,MARIGLIANO,Loc. Bosco Estirpato,Comprensoriale,Urbani,400000,Corpo Idrico Superficiale,Regi Lagni,2026-06-01T00:00:00,SI,D. Lgs. 152/06 - Allegato  5 - Tabella 3,Conforme,/,/
66,NAPOLI,MARIGLIANO,Loc. Bosco Estirpato,Comprensoriale,Urbani,400000,Corpo Idrico Superficiale,Regi Lagni,2024-08-02T00:00:00,SI,D. Lgs. 152/06 - Allegato  5 - Tabella 1,Conforme,/,/
67,NAPOLI,MARIGLIANO,Loc. Bosco Estirpato,Comprensoriale,Urbani,400000,Corpo Idrico Superficiale,Regi Lagni,2025-08-02T00:00:00,SI,D. Lgs. 152/06 - Allegato  5 - Tabella 1,Conforme,/,/
68,NAPOLI,MARIGLIANO,Loc. Bosco Estirpato,Comprensoriale,Urbani,400000,Corpo Idrico Superficiale,Regi Lagni,2025-03-03T00:00:00,SI,D. Lgs. 152/06 - Allegato  5 - Tabella 1,Conforme,/,/
69,NAPOLI,MARIGLIANO,Loc. Bosco Estirpato,Comprensoriale,Urbani,400000,Corpo Idrico Superficiale,Regi Lagni,2026-01-03T00:00:00,SI,D. Lgs. 152/06 - Allegato  5 - Tabella 3,Conforme,/,/
70,NAPOLI,MARIGLIANO,Loc. Bosco Estirpato,Comprensoriale,Urbani,400000,Corpo Idrico Superficiale,Regi Lagni,2026-02-03T00:00:00,SI,D. Lgs. 152/06 - Allegato  5 - Tabella 1,Conforme,/,/
71,NAPOLI,MARIGLIANO,Loc. Bosco Estirpato,Comprensoriale,Urbani,400000,Corpo Idrico Superficiale,Regi Lagni,2024-04-04T00:00:00,SI,D. Lgs. 152/06 - Allegato  5 - Tabella 1,Conforme,/,/
72,NAPOLI,MARIGLIANO,Loc. Bosco Estirpato,Comprensoriale,Urbani,400000,Corpo Idrico Superficiale,Regi Lagni,2026-06-04T00:00:00,SI,D. Lgs. 152/06 - Allegato  5 - Tabella 1,Conforme,/,/
73,NAPOLI,MARIGLIANO,Loc. Bosco Estirpato,Comprensoriale,Urbani,400000,Corpo Idrico Superficiale,Regi Lagni,2025-03-05T00:00:00,SI,D. Lgs. 152/06 - Allegato  5 - Tabella 3,Conforme,/,d'iniziativa
74,NAPOLI,MARIGLIANO,Loc. Bosco Estirpato,Comprensoriale,Urbani,400000,Corpo Idrico Superficiale,Regi Lagni,2025-04-05T00:00:00,SI,D. Lgs. 152/06 - Allegato  5 - Tabella 1,Conforme,/,d'iniziativa
75,NAPOLI,MARIGLIANO,Loc. Bosco Estirpato,Comprensoriale,Urbani,400000,Corpo Idrico Superficiale,Regi Lagni,2024-05-06T00:00:00,SI,D. Lgs. 152/06 - Allegato  5 - Tabella 1,Conforme,/,d'iniziativa
76,NAPOLI,MARIGLIANO,Loc. Bosco Estirpato,Comprensoriale,Urbani,400000,Corpo Idrico Superficiale,Regi Lagni,2024-02-07T00:00:00,SI,D. Lgs. 152/06 - Allegato  5 - Tabella 3,Conforme,/,d'iniziativa
77,NAPOLI,MARIGLIANO,Loc. Bosco Estirpato,Comprensoriale,Urbani,400000,Corpo Idrico Superficiale,Regi Lagni,2024-03-07T00:00:00,NO,D. Lgs. 152/06 - Allegato  5 - Tabella 1,,,"d'iniziativa
malfunzionamento autocampionatore"
78,NAPOLI,MARIGLIANO,Loc. Bosco Estirpato,Comprensoriale,Urbani,400000,Corpo Idrico Superficiale,Regi Lagni,2025-07-07T00:00:00,SI,D. Lgs. 152/06 - Allegato  5 - Tabella 1,Conforme,/,d'iniziativa
79,NAPOLI,MASSA LUBRENSE,"Via Vespucci, loc. Nerano",Comunale,Urbani,2000,Corpo Idrico Superficiale,Mar Tirreno,2025-10-04T00:00:00,SI,D. Lgs. 152/06 - Allegato  5 - Tabella 3,Non Conforme,Azoto nitrico,/
80,NAPOLI,NAPOLI EST,Via De Roberto,Comprensoriale,Urbani,1750000,Corpo Idrico Superficiale,Mar Tirreno,2024-04-01T00:00:00,SI,D. Lgs. 152/06 - Allegato  5 - Tabella 1,Conforme,/,/
81,NAPOLI,NAPOLI EST,Via De Roberto,Comprensoriale,Urbani,1750000,Corpo Idrico Superficiale,Mar Tirreno,2025-07-01T00:00:00,SI,D. Lgs. 152/06 - Allegato  5 - Tabella 1,Conforme,/,/
82,NAPOLI,NAPOLI EST,Via De Roberto,Comprensoriale,Urbani,1750000,Corpo Idrico Superficiale,Mar Tirreno,2025-02-02T00:00:00,SI,D. Lgs. 152/06 - Allegato  5 - Tabella 1,Non Conforme,Solidi Sospesi totali,"primo esito NC, dato entro tolleranza
scarico in regola"
83,NAPOLI,NAPOLI EST,Via De Roberto,Comprensoriale,Urbani,1750000,Corpo Idrico Superficiale,Mar Tirreno,2025-02-02T00:00:00,SI,D. Lgs. 152/06 - Allegato  5 - Tabella 3,Non Conforme,"Odore, Azoto ammoniacale",/
84,NAPOLI,NAPOLI EST,Via De Roberto,Comprensoriale,Urbani,1750000,Corpo Idrico Superficiale,Mar Tirreno,2026-04-02T00:00:00,SI,D. Lgs. 152/06 - Allegato  5 - Tabella 1,Conforme,/,/
85,NAPOLI,NAPOLI EST,Via De Roberto,Comprensoriale,Urbani,1750000,Corpo Idrico Superficiale,Mar Tirreno,2025-02-03T00:00:00,SI,D. Lgs. 152/06 - Allegato  5 - Tabella 1,Conforme,/,/
86,NAPOLI,NAPOLI EST,Via De Roberto,Comprensoriale,Urbani,1750000,Corpo Idrico Superficiale,Mar Tirreno,2025-09-03T00:00:00,SI,D. Lgs. 152/06 - Allegato  5 - Tabella 1,Conforme,/,/
87,NAPOLI,NAPOLI EST,Via De Roberto,Comprensoriale,Urbani,1750000,Corpo Idrico Superficiale,Mar Tirreno,2024-03-04T00:00:00,SI,D. Lgs. 152/06 - Allegato  5 - Tabella 3,Non Conforme,"Ferro, Tensioattivi totali",/
88,NAPOLI,NAPOLI EST,Via De Roberto,Comprensoriale,Urbani,1750000,Corpo Idrico Superficiale,Mar Tirreno,2024-04-04T00:00:00,SI,D. Lgs. 152/06 - Allegato  5 - Tabella 1,Non Conforme,Solidi Sospesi totali,"secondo esito NC, dato entro tolleranza
scarico in regola"
89,NAPOLI,NAPOLI EST,Via De Roberto,Comprensoriale,Urbani,1750000,Corpo Idrico Superficiale,Mar Tirreno,2025-09-05T00:00:00,SI,D. Lgs. 152/06 - Allegato  5 - Tabella 1,Non Conforme,"Solidi sospesi Totali, COD e BOD5","d'iniziativa
parametri in tolleranza
NC n° 3/2024
scarico in regola"
90,NAPOLI,NAPOLI EST,Via De Roberto,Comprensoriale,Urbani,1750000,Corpo Idrico Superficiale,Mar Tirreno,2026-07-05T00:00:00,SI,D. Lgs. 152/06 - Allegato  5 - Tabella 1,Conforme,/,d'iniziativa
91,NAPOLI,NAPOLI EST,Via De Roberto,Comprensoriale,Urbani,1750000,Corpo Idrico Superficiale,Mar Tirreno,2025-09-06T00:00:00,SI,D. Lgs. 152/06 - Allegato  5 - Tabella 1,Non Conforme,"Solidi sospesi Totali, COD, BOD
","d'iniziativa
parametri in tolleranza
NC n° 4/2024
scarico non in regola"
92,NAPOLI,NAPOLI EST,Via De Roberto,Comprensoriale,Urbani,1750000,Corpo Idrico Superficiale,Mar Tirreno,2024-02-07T00:00:00,SI,D. Lgs. 152/06 - Allegato  5 - Tabella 1,Conforme,/,d'iniziativa
93,NAPOLI,NAPOLI EST,Via De Roberto,Comprensoriale,Urbani,1750000,Corpo Idrico Superficiale,Mar Tirreno,2024-02-07T00:00:00,SI,D. Lgs. 152/06 - Allegato  5 - Tabella 3,Non Conforme,"Odore, Azoto ammoniacale",d'iniziativa
94,NAPOLI,NAPOLI EST,Via De Roberto,Comprensoriale,Urbani,1750000,Corpo Idrico Superficiale,Mar Tirreno,2025-11-07T00:00:00,SI,D. Lgs. 152/06 - Allegato  5 - Tabella 1,Conforme,/,d'iniziativa
95,NAPOLI,SORRENTO,Marina di Aequa,Comunale,Urbani,140000,Corpo Idrico Superficiale,Mar Tirreno,2024-03-01T00:00:00,SI,D. Lgs. 152/06 - Allegato  5 - Tabella 3,Conforme,/,/
96,NAPOLI,SORRENTO,Marina di Aequa,Comunale,Urbani,140000,Corpo Idrico Superficiale,Mar Tirreno,2025-06-03T00:00:00,SI,D. Lgs. 152/06 - Allegato  5 - Tabella 3,Conforme,/,/
97,NAPOLI,SORRENTO,Marina di Aequa,Comunale,Urbani,140000,Corpo Idrico Superficiale,Mar Tirreno,2024-03-06T00:00:00,SI,D. Lgs. 152/06 - Allegato  5 - Tabella 3,Conforme,/,d'iniziativa
98,NAPOLI,SORRENTO,Marina di Aequa,Comunale,Urbani,140000,Corpo Idrico Superficiale,Mar Tirreno,2024-08-07T00:00:00,SI,D. Lgs. 152/06 - Allegato  5 - Tabella 3,Conforme,/,d'iniziativa
99,NAPOLI,SORRENTO,"Via del Mare, 33",Comunale,Urbani,30000, Corpo Idrico Superficiale,Mar Tirreno,,NO,D. Lgs. 152/06 - Allegato  5 - Tabella 1,/,/,Depuratore dismesso. Reflui sollevati e inviati a depuratore Punta Gradelle.
100,NAPOLI,SORRENTO,Marina di Aequa,Comunale,Urbani,140000,Corpo Idrico Superficiale,Mar Tirreno,,NO,D. Lgs. 152/06 - Allegato  5 - Tabella 1,/,/,Al momento non effettuati prelievi Tabella 1 in quanto la collocazione del campionatore non corrisponde a quanto previsto nell'AUA in vigore - attivo TT con Comune Vico Equense e GORI
101,NAPOLI,TORRE DEL GRECO,Via S.Giuseppe alle Paludi,Comunale,Urbani,90000,Corpo Idrico Superficiale,Mar Tirreno,2025-07-03T00:00:00,SI,D. Lgs. 152/06 - Allegato  5 - Tabella 3,Non Conforme,"Odore, Solidi sospesi totali, Azoto ammoniacale, BOD5, COD, tensioattivi totali, Escherichia coli, Saggio di tossicità acuta con D. Magna",/
102,NAPOLI,TORRE DEL GRECO,"Viale Europa, 2",Comunale,Urbani,20000,Corpo Idrico Superficiale,Mar Tirreno,2025-07-03T00:00:00,SI,D. Lgs. 152/06 - Allegato  5 - Tabella 3,Non Conforme,"Odore, Solidi sospesi totali, Azoto ammoniacale, BOD5, COD, Grassi ed olii vegetali, Tensioattivi totali, Escherichia coli, Saggio di tossicità acuta con D. Magna",/
103,SALERNO,AGROPOLI,Loc. Taverne,Comunale,Urbani,80000,Condotta Sottomarina ,Mare,2024-12-03T00:00:00,SI,D. Lgs. 152/06 - Allegato  5 - Tabella 3,Non Conforme,ECOTOX,Ordinario
104,SALERNO,ALBANELLA,Loc. Matinella,Comunale,Urbani,3000,Rio di Lama → Vallone dell'Alveare,Fiume Sele,2025-08-02T00:00:00,SI,D. Lgs. 152/06 - Allegato  5 - Tabella 3, Conforme,,Ordinario
105,SALERNO,AMALFI ,Loc. Cieco,Comunale,Urbani,53000,Condotta Sottomarina,Mare,2025-12-06T00:00:00,SI,D. Lgs. 152/06 - Allegato  5 - Tabella 3,Conforme,,Ordinario
106,SALERNO,ASCEA,Ascea Marina - Loc. Petosa,Comunale,Urbani,37000,Condotta Sottomarina,Mare,2024-06-05T00:00:00,SI,D. Lgs. 152/06 - Allegato  5 - Tabella 3,Conforme,,Ordinario
107,SALERNO,ASCEA,Loc. Terradura ,Comunale,Urbani,-,Vallone Nociforo,,2024-10-06T00:00:00,SI,D. Lgs. 152/06 - Allegato  5 - Tabella 3,Non Conforme,ECOTOX,Ordinario
108,SALERNO,ASCEA,Loc. Stampella,Comunale,Urbani,-,Canale di Bonifica Scifro,,2025-07-06T00:00:00,SI,D. Lgs. 152/06 - Allegato  5 - Tabella 3,Non Conforme,ECOTOX,Ordinario
109,SALERNO,ATENA LUCANA,Loc. Barre,Comunale,Urbani,648,Canale Lama Barre,Fiume Tanagro,2025-08-03T00:00:00,SI,D. Lgs. 152/06 - Allegato  5 - Tabella 3, Conforme,,Ordinario
110,SALERNO,BATTIPAGLIA,Loc. Tavernola ,Comunale,Urbani,3500,,Fiume Tusciano,2025-01-05T00:00:00,SI,D. Lgs. 152/06 - Allegato  5 - Tabella 3,Non Conforme,"Solidi sospesi totali, BOD, COD, Azoto Ammoniacale, Tensioattivi totali, Escherichiacoli, Ecotox",Ordinario
111,SALERNO,BATTIPAGLIA,Loc. Tavernola ,Comunale,Urbani,3500,,Fiume Tusciano,2025-11-07T00:00:00,SI,D. Lgs. 152/06 - Allegato  5 - Tabella 3,,,Ordinario
112,SALERNO,CAMEROTA,Loc. Marina,Comunale,Urbani,-,Condotta Sottomarina,Mare,2024-08-04T00:00:00,SI,,In attesa di acquisizione,,Ordinario
113,SALERNO,CAMEROTA ,Loc. Marina,Comunale,Urbani,6000,Condotta Sottomarina,Mare,2024-08-07T00:00:00,SI,D. Lgs. 152/06 - Allegato  5 - Tabella 3,Conforme,,Ordinario
114,SALERNO,CAMPAGNA,Loc. Madonna del Ponte,Comunale,Urbani,17720,Fiume Tenza,Fiume Sele,2024-05-03T00:00:00,SI,D. Lgs. 152/06 - Allegato  5 - Tabella 3,Non Conforme,CLORO ATTIVO-ECOTOX,Ordinario
115,SALERNO,CAPACCIO,Loc. Varolato,Comunale,Urbani,175000,Stazione di sollevamento Desiderio,,2025-02-05T00:00:00,SI,D. Lgs. 152/06 - Allegato  5 - Tabella 3,,,Ordinario
116,SALERNO,CAPACCIO,Loc. Varolato,Comunale,Urbani,175000,Collettore di bonifica,Mare,2024-02-07T00:00:00,SI,D. Lgs. 152/06 - Allegato  5 - Tabella 3,Conforme,,Ordinario
117,SALERNO,CASALVELINO,Fraz. Marina,Comunale,Urbani,30240,Condotta Sottomarina,Mare,2024-06-03T00:00:00,SI,D. Lgs. 152/06 - Allegato  5 - Tabella 3,Conforme,,Ordinario
118,SALERNO,CASTELLABATE ,Loc. Maroccia,Comunale,Urbani,45000,Condotta Sottomarina,Mare,2025-01-05T00:00:00,SI,D. Lgs. 152/06 - Allegato  5 - Tabella 3,Conforme,,Ordinario
119,SALERNO,CASTELLABATE ,Loc. Ogliastro Marina,Comunale,Urbani,4000,Condotta Sottomarina,Mare,2025-03-05T00:00:00,SI,D. Lgs. 152/06 - Allegato  5 - Tabella 3,Conforme,,Ordinario
120,SALERNO,CASTELLABATE ,Loc. Maroccia,Comunale,Urbani,45000,Condotta Sottomarina,Mare,2026-03-05T00:00:00,SI,D. Lgs. 152/06 - Allegato  5 - Tabella 3,Non Conforme,cloruri,Congiunto con GC
121,SALERNO,CASTELLABATE ,Loc. Ogliastro Marina,Comunale,Urbani,4000,Condotta Sottomarina,Mare,2026-03-05T00:00:00,SI,D. Lgs. 152/06 - Allegato  5 - Tabella 3,Conforme,,Congiunto con GC
122,SALERNO,CASTIGLIONE DEI GENOVESI,Loc. Casamarcia,Comunale,Urbani,549,Torrente Reillo,Fiume Fuorni,2025-01-03T00:00:00,SI,D. Lgs. 152/06 - Allegato  5 - Tabella 3,Conforme,,Ordinario
123,SALERNO,CELLE DI BULGHERIA,Loc. Gambellitto,Comunale,Urbani,1250,Fiume Mingardo,Fiume Mingardo,2025-09-02T00:00:00,SI,D. Lgs. 152/06 - Allegato  5 - Tabella 3,Non Conforme,ECOTOX,Ordinario
124,SALERNO,CELLE DI BULGHERIA,Loc. Grotte,Comunale,Urbani,890,Fiume Mingardo,Fiume Mingardo,2025-09-02T00:00:00,SI,D. Lgs. 152/06 - Allegato  5 - Tabella 3,Non Conforme,ECOTOX,Ordinario
125,SALERNO,CENTOLA,Fraz. Palinuro,Comunale,Urbani,10000,Fiume Lambro,Fiume Lambro,2024-09-04T00:00:00,SI,,In attesa di acquisizione,,Ordinario
126,SALERNO,CENTOLA,Palinuro-Portigliola,Comunale,Urbani,10000,,Fiume Lambro,2024-10-07T00:00:00,SI,D. Lgs. 152/06 - Allegato  5 - Tabella 3,Non Conforme,ESCHERICHIACOLI,Ordinario
127,SALERNO,EBOLI,Macchione Serracapilli,Comunale,Urbani,27523,Torrente Telegro,,2024-02-09T00:00:00,SI,D. Lgs. 152/06 - Allegato  5 - Tabella 3,Non Conforme,ESCHERICHIACOLI,Ordinario
128,SALERNO,FURORE,Loc. Portella,Comunale,Urbani,600,Condotta Sottomarina,Mare,2024-04-06T00:00:00,SI,D. Lgs. 152/06 - Allegato  5 - Tabella 3,Conforme,,Ordinario
129,SALERNO,ISPANI,Loc. Arancia,Comunale,Urbani,8000,Condotta Sottomarina,Mare,2024-01-07T00:00:00,SI,D. Lgs. 152/06 - Allegato  5 - Tabella 3,Conforme,,Ordinario
130,SALERNO,MERCATO S.S.,Loc. Costa,Comprensoriale,Urbani,194400,Torrente Solofrone,Fiume Sarno,2024-10-07T00:00:00,SI,D. Lgs. 152/06 - Allegato  5 - Tabella 3,Non Conforme,BOD,Ordinario
131,SALERNO,MERCATO SAN SEVERINO,Loc. Costa,Comprensoriale,Urbani + Industriali,194400,Torrente Solofrone,Fiume Sarno,2026-05-01T00:00:00,SI,D. Lgs. 152/06 - Allegato  5 - Tabella 3,Conforme,,Ordinario
132,SALERNO,MINORI,Loc. Grotte,Comunale,Urbani,10000,Condotta Sottomarina,Mare,2024-07-05T00:00:00,SI,D. Lgs. 152/06 - Allegato  5 - Tabella 3,Non Conforme,"BOD, Tensioattivi, Escherichiacoli",Ordinario
133,SALERNO,MONTECORICE,Loc. Agnone,Comunale,Urbani,500,Condotta Sottomarina,Mare,2025-08-05T00:00:00,SI,D. Lgs. 152/06 - Allegato  5 - Tabella 3,Conforme,,Ordinario
134,SALERNO,MONTECORICE,Loc. Casa del Conte,Comunale,Urbani,800,Condotta Sottomarina,Mare,2025-09-05T00:00:00,SI,D. Lgs. 152/06 - Allegato  5 - Tabella 3,Conforme,,Ordinario
135,SALERNO,MONTECORICE,Loc.Bivio,Comunale,Urbani,500,Condotta Sottomarina,Mare,2025-10-05T00:00:00,SI,D. Lgs. 152/06 - Allegato  5 - Tabella 3,Conforme,,Ordinario
136,SALERNO,MONTECORICE,Loc. Casa del Conte,Comunale,Urbani,500,Condotta Sottomarina,Mare,2024-10-07T00:00:00,SI,D. Lgs. 152/06 - Allegato  5 - Tabella 3,Non Conforme,ECOTOX,Ordinario
137,SALERNO,MONTECORICE,Loc. Bivio,Comunale,Urbani,500,Condotta Sottomarina,Mare,2026-05-07T00:00:00,SI,D. Lgs. 152/06 - Allegato  5 - Tabella 3,Conforme,,Ordinario
138,SALERNO,OLEVANO SUL TUSCIANO,Fraz. Ariano,Comunale,Urbani,3800,Fiume Tusciano,Fiume Tusciano,2025-07-02T00:00:00,SI,D. Lgs. 152/06 - Allegato  5 - Tabella 3,Non Conforme,ECOTOX,Ordinario
139,SALERNO,OLEVANO SUL TUSCIANO,Fraz. Salitto,Comunale,Urbani,2100,Fiume Tusciano,Fiume Tusciano,2026-03-02T00:00:00,SI,D. Lgs. 152/06 - Allegato  5 - Tabella 3,Non Conforme,ECOTOX,Ordinario
140,SALERNO,OLEVANO SUL TUSCIANO,Fraz. Monticelli,Comunale,Urbani,3700,Fiume Tusciano,Fiume Tusciano,2026-04-02T00:00:00,SI,D. Lgs. 152/06 - Allegato  5 - Tabella 3,Non Conforme,ECOTOX,Ordinario
141,SALERNO,PADULA ,Loc. Fusara,Comunale,Urbani,800,Torrente Fabbricato,,2025-10-05T00:00:00,SI,D. Lgs. 152/06 - Allegato  5 - Tabella 3,Conforme,,Ordinario
142,SALERNO,PIOPPI,,,Urbani,,Condotta Sottomarina,Mare,2024-04-06T00:00:00,SI,D. Lgs. 152/06 - Allegato  5 - Tabella 3,,,
143,SALERNO,PISCIOTTA,Loc. Caprioli,Comunale,Urbani,1000,Vallone Valle di Marco,,2024-10-06T00:00:00,SI,D. Lgs. 152/06 - Allegato  5 - Tabella 3,Non Conforme,ECOTOX,Ordinario
144,SALERNO,PISCIOTTA,Loc. S. Macario,Comunale,Urbani,7000,Condotta Sottomarina,Mare,2025-06-06T00:00:00,SI,D. Lgs. 152/06 - Allegato  5 - Tabella 3,Conforme,,Ordinario
145,SALERNO,PISCIOTTA,Loc. Rodio,Comunale,Urbani,500,Vallone Fiumicello,,2024-03-07T00:00:00,SI,D. Lgs. 152/06 - Allegato  5 - Tabella 3,Conforme,,Ordinario
146,SALERNO,POLLA,Loc. Maltempo,Comunale,Urbani,14400,Fiume Tanagro,Fiume Tanagro,2025-01-02T00:00:00,SI,D. Lgs. 152/06 - Allegato  5 - Tabella 3,Conforme,,Ordinario
147,SALERNO,POLLICA,Loc. Pioppi,Comunale,Urbani,3000,,,2024-04-06T00:00:00,SI,D. Lgs. 152/06 - Allegato  5 - Tabella 3,Conforme,,Ordinario
148,SALERNO,POLLICA,Loc. Acciaroli,Sovracomunale,Urbani,12000,Condotta Sottomarina,Mare,2024-05-06T00:00:00,SI,D. Lgs. 152/06 - Allegato  5 - Tabella 3,Conforme,,Ordinario
149,SALERNO,POSITANO,Loc. Rivo dei Mulini,Comunale,Urbani,18000,Condotta Sottomarina,Mare,2024-05-06T00:00:00,SI,D. Lgs. 152/06 - Allegato  5 - Tabella 3,Non Conforme,"SOLIDI SOSPESI TOTALI, BOD5 , AZOTO AMMONIACALE NH4, escherichiacoli",Ordinario
150,SALERNO,RAVELLO ,Loc. Sambuco,Comunale,Urbani,,Affluente Regina Minor,Mare,2025-05-07T00:00:00,SI,D. Lgs. 152/06 - Allegato  5 - Tabella 3,Non Conforme,CLORO ATTIVO LIBERO,Ordinario
151,SALERNO,ROCCADASPIDE,Loc. S.Antonio,Comunale,Urbani,3000,Torrente Santa Maria,Fiume Calore,2025-06-03T00:00:00,SI,D. Lgs. 152/06 - Allegato  5 - Tabella 3,Non Conforme, Escherichia coli,Ordinario
152,SALERNO,S. GIOVANNI A PIRO,Loc. Bosco ,Comunale,Urbani,500,Vallone Lupinata,,2024-02-07T00:00:00,SI,D. Lgs. 152/06 - Allegato  5 - Tabella 3,,,Ordinario
153,SALERNO,S. GIOVANNI A PIRO,Loc. Capoluogo,Comunale,Urbani,2400,Vallone San Luca,,2026-06-07T00:00:00,SI,D. Lgs. 152/06 - Allegato  5 - Tabella 3,Non Conforme,"AZOTO AMMONIACALE NH4,",Ordinario
154,SALERNO,S. MARINA,Loc. Policastro,Comunale,Urbani,8000,Condotta Sottomarina,Mare,2025-05-06T00:00:00,SI,D. Lgs. 152/06 - Allegato  5 - Tabella 3,Conforme,,Ordinario
155,SALERNO,S. PIETRO AL TANAGRO,Loc. Secchio,Comunale,Urbani,2000,Torrente Secchio,,2025-06-06T00:00:00,SI,D. Lgs. 152/06 - Allegato  5 - Tabella 3,Non Conforme,"BOD5 , COD, Escherichiacoli",Ordinario
156,SALERNO,SALA CONSILINA,,,,,,,2025-09-10T00:00:00,SI,D. Lgs. 152/06 - Allegato  5 - Tabella 3,Non Conforme,ECOTOX,
157,SALERNO,SALERNO,Via A. De Luca,Sovracomunale,Urbani,700000,Fiume Picentino,Fiume Picentino,2024-07-02T00:00:00,SI,D. Lgs. 152/06 - Allegato  5 - Tabella 3,Non Conforme,ECOTOX,Ordinario
158,SALERNO,SALERNO,Via A. De Luca,Sovracomunale,Urbani,700000,,Fiume Picentino,2024-03-06T00:00:00,SI,D. Lgs. 152/06 - Allegato  5 - Tabella 3,Conforme,,Ordinario
159,SALERNO,SALERNO,Via A. De Luca,Sovracomunale,Urbani,700000,,Fiume Picentino,2025-03-07T00:00:00,SI,D. Lgs. 152/06 - Allegato  5 - Tabella 3,Conforme,,Ordinario
160,SALERNO,SAPRI,Loc. Fortino,Comunale,Urbani,11000,Condotta Sottomarina,Mare,2024-05-03T00:00:00,SI,D. Lgs. 152/06 - Allegato  5 - Tabella 3,Non Conforme,ECOTOX,Ordinario
161,SALERNO,SAPRI,Loc. Fortino,Comunale,Urbani,11000,Condotta Sottomarina,Mare,2024-08-07T00:00:00,SI,D. Lgs. 152/06 - Allegato  5 - Tabella 3,Non Conforme,ECOTOX,Ordinario
162,SALERNO,SCAFATI,Via Delle Industrie,Comprensoriale,Urbani,648000,Fosso Molino,Fiume Sarno,2024-09-04T00:00:00,SI,,In attesa di acquisizione,,Ordinario
163,SALERNO,SCAFATI,Via Delle Industrie,Comprensoriale,Urbani,648000,Fosso Molino,Fiume Sarno,2024-10-04T00:00:00,SI,,In attesa di acquisizione,,Ordinario
164,SALERNO,TRAMONTI,Loc.Pucara,Comunale,Urbani,16848,Regina Major,Mare,2026-04-06T00:00:00,SI,D. Lgs. 152/06 - Allegato  5 - Tabella 3,Conforme,,Ordinario
165,SALERNO,TRAMONTI,Loc.Pucara,Comunale,Urbani,16848,Regina Major,Mare,2024-09-07T00:00:00,SI,D. Lgs. 152/06 - Allegato  5 - Tabella 3,Conforme,,Ordinario
166,SALERNO,VALLO DELLA LUCANIA,Loc. Pattano,Comunale,Urbani,20000,Torrente Badolato,Fiume Alento,2024-06-02T00:00:00,SI,D. Lgs. 152/06 - Allegato  5 - Tabella 3,Non Conforme,ECOTOX,Ordinario
167,SALERNO,VALLO DELLA LUCANIA ,Loc. Pattano,Comunale,Urbani,20000,Torrente Badolato,Fiume Alento,2025-02-10T00:00:00,SI,D. Lgs. 152/06 - Allegato  5 - Tabella 3,,,Ordinario
168,SALERNO,VIBONATI,Loc. Irace,Comunale,Urbani,3000,Condotta Sottomarina,Mare,2024-01-07T00:00:00,SI,D. Lgs. 152/06 - Allegato  5 - Tabella 3,Conforme,,Ordinario
169,AVELLINO,ALTAVILLA IRPINIA,ISCHITE,Comunale,Urbani,6000,Torrente Avellola,Fiume Sabato,2025-10-07T00:00:00,SI,D. Lgs. 152/06 - Allegato  5 - Tabella 3,,,iniziativa
170,AVELLINO,BAGNOLI IRPINO,LOC. CERRETE,Comunale,Urbani,5000,Torrente Iannuolo,Fiume Calore,2024-05-06T00:00:00,SI,D. Lgs. 152/06 - Allegato  5 - Tabella 3,,,iniziativa
171,AVELLINO,CALITRI,Area ASI-Isca,Consortile,Urbani + Industriali,50000,Fiume Ofanto,Fiume Ofanto,2025-12-01T00:00:00,NO,D. Lgs. 152/06 - Allegato  5 - Tabella 3,,,RICHIESTA  A.G.
172,AVELLINO,CALITRI,Area ASI-Isca,Consortile,Urbani + Industriali,50000,Fiume Ofanto,Fiume Ofanto,2026-05-01T00:00:00,NO,D. Lgs. 152/06 - Allegato  5 - Tabella 3,,,RICHIESTA  A.G.
173,AVELLINO,CALITRI,Area ASI-Isca,Consortile,Urbani + Industriali,50000,Fiume Ofanto,Fiume Ofanto,2026-07-01T00:00:00,SI,D. Lgs. 152/06 - Allegato  5 - Tabella 3,Conforme,,RICHIESTA  A.G.
174,AVELLINO,CARIFE,LOC. ACQUANOCELLE,Comunale,Urbani,1500,Canale Acquanocelle,Fiume Ufita,2025-04-10T00:00:00,SI,D. Lgs. 152/06 - Allegato  5 - Tabella 3,,,iniziativa
175,AVELLINO,CHIUSANO S.D.,LOC. PIGNO COVARO,Comunale,Urbani,3000,Vallone San Marco,Fiume Sabato,2024-12-03T00:00:00,SI,D. Lgs. 152/06 - Allegato  5 - Tabella 3,Conforme,,iniziativa
176,AVELLINO,FLUMERI,ZONA ASI VALLE UFITA,Consortile,Urbani + Industriali,23000,Fiume Ufita,Fiume Calore,2024-08-05T00:00:00,SI,D. Lgs. 152/06 - Allegato  5 - Tabella 3,,,RICHIESTA  A.G.
177,AVELLINO,FONTANAROSA,P.ZZA MASTRILLO,Comunale,Urbani,4000,Canale Iemale,Fiume Calore,2026-04-08T00:00:00,SI,D. Lgs. 152/06 - Allegato  5 - Tabella 3,,,iniziativa
178,AVELLINO,LUOGOSANO,ZONA INDUSTRIALE,Consortile,Industriali,50000,Fiume Calore,Fiume Calore,2026-05-05T00:00:00,SI,D. Lgs. 152/06 - Allegato  5 - Tabella 3,,,RICCHIESTA NOE DI SALERNO
179,AVELLINO,LUOGOSANO,ZONA INDUSTRIALE,Consortile,Industriali,50000,Fiume Calore,Fiume Calore,2024-02-07T00:00:00,SI,D. Lgs. 152/06 - Allegato  5 - Tabella 3,,,RICHIESTA PG
180,AVELLINO,LUOGOSANO,ZONA INDUSTRIALE,Consortile,Industriali,50000,Fiume Calore,Fiume Calore,2026-03-08T00:00:00,SI,D. Lgs. 152/06 - Allegato  5 - Tabella 3,,,FORESTALI DI VOLTURARA
181,AVELLINO,LUOGOSANO,ZONA INDUSTRIALE,Consortile,Industriali,50000,Fiume Calore,Fiume Calore,,NO,D. Lgs. 152/06 - Allegato  5 - Tabella 3,,,RICCHIESTA NOE DI SALERNO
182,AVELLINO,MANOCALZATI,C.Da Isca - Zona Industriale,Sovracomunale,Urbani,160000,Fiume Sabato,Fiume Sabato,2025-08-03T00:00:00,SI,D. Lgs. 152/06 - Allegato  5 - Tabella 3,Conforme,,iniziativa
183,AVELLINO,MANOCALZATI,LOC. ISCA,Consortile,Urbani,160000,Fiume Sabato,Fiume Sabato,2024-09-07T00:00:00,SI,D. Lgs. 152/06 - Allegato  5 - Tabella 3,,,iniziativa
184,AVELLINO,MANOCALZATI,LOCALITA' ISCA,Consortile,Urbani,140000,Fiume Sabato,Fiume Sabato,2024-09-07T00:00:00,SI,D. Lgs. 152/06 - Allegato  5 - Tabella 3,,,iniziativa
185,AVELLINO,MELITO IRPINO,VIA PROVINCIALE,Comunale,Urbani,1000,Torrente Lo Sperico,Fiume Ufita,2026-01-09T00:00:00,SI,D. Lgs. 152/06 - Allegato  5 - Tabella 3,,,iniziativa
186,AVELLINO,MIRABELLA ECLANO,VIA PEDAMENTA,Comunale,Urbani,3000,Vallone Pedamenta,Fiume Sabato,2024-06-03T00:00:00,SI,D. Lgs. 152/06 - Allegato  5 - Tabella 3,Conforme,,iniziativa
187,AVELLINO,MONTEMILETTO,LOCALITA' FORNACE,Comunale,Urbani,6000,Vallone Acqua Calda,Fiume Calore,2026-02-06T00:00:00,SI,D. Lgs. 152/06 - Allegato  5 - Tabella 3,,,iniziativa
188,AVELLINO,NUSCO,Zona Industriale F2,Consortile,Industriali,42000,Torrente Iemale,Fiume Ofanto,2024-09-01T00:00:00,SI,D. Lgs. 152/06 - Allegato  5 - Tabella 3,Conforme,,Richiesta P.G.
189,AVELLINO,NUSCO,VIA FIORENTINE Z.INDUSTRIALE,Consortile,Industriali,42000,Suolo,Suolo,2024-07-05T00:00:00,SI,D. Lgs. 152/06 - Allegato  5 - Tabella 4,,,RICCHIESTA NOE DI SALERNO
190,AVELLINO,NUSCO,VIA FIORENTINI Z.I. F2,Consortile,Industriali,15000,Suolo,Fiume Ofanto,0205-12-06T00:00:00,SI,D. Lgs. 152/06 - Allegato  5 - Tabella 4,,,iniziativa
191,AVELLINO,PRATA PRINCIPATO ULTRA,LOC. PONTE COMUNE,Vasca con pompa di sollevamento,Industriali,,Fiume Sabato,Fiume Sabato,2025-11-01T00:00:00,NO,FERMO IMPIANTO,,,RICHIESTA  A.G.
192,AVELLINO,ROTONDI,Loc. Fungarelli,Comprensoriale ,Urbani,30000,Torrente Isclero,Torrente Isclero,2025-04-01T00:00:00,SI,D. Lgs. 152/06 - Allegato  5 - Tabella 3,Conforme,,iniziativa
193,AVELLINO,ROTONDI,LOCALITA' FUNGARELLI,Sovracomunale,Urbani,25000,Fiume Isclero,Fiume Isclero,2024-10-06T00:00:00,SI,D. Lgs. 152/06 - Allegato  5 - Tabella 3,,,iniziativa
194,AVELLINO,SAN SOSSIO BARONIA,LOC. OCCHIANIELLO,Comunale,Urbani,2000,Callone La Terra,Fiume Calore,2024-11-09T00:00:00,SI,D. Lgs. 152/06 - Allegato  5 - Tabella 3,,,iniziativa
195,AVELLINO,SERINO,LOC. PECAROLE,Comunale,Urbani,6000,Torrente Barre ,Fiume Sabato,2026-03-02T00:00:00,SI,D.lgs. 152/2006 Allegato  5 - Tabella 3,Non Conforme, Escherichia coli,iniziativa
196,AVELLINO,VILLANOVA DEL BATTISTA,LOCALITA' PILONE,Comunale,Urbani,2000,Vallone Masciano,Fiume Fimarella,2025-06-06T00:00:00,SI,D. Lgs. 152/06 - Allegato  5 - Tabella 3,,,iniziativa
197,AVELLINO,VOLTURARA IRPINIA,LOC.SPINETA,Comunale,Urbani,3000,Torrente Pozzella,Fiume Sabato,2024-09-04T00:00:00,SI,D. Lgs. 152/06 - Allegato  5 - Tabella 3,,,iniziativa
198,AVELLINO*,AVELLINO,VIA PIANODARDINE,,Industriali,,Fiume Sabato,Fiume Sabato,2024-05-02T00:00:00,NO,ASSENZA DI SCARICO,,,TAVOLO TECNICO
199,AVELLINO*,AVELLINO,VIA PIANODARDINE,Acque meteoriche di prima pioggia,Industriali,,Fiume Sabato,Fiume Sabato,2025-02-05T00:00:00,SI,D. Lgs. 152/06 - Allegato  5 - Tabella 3,,,iniziativa
200,AVELLINO*,AVELLINO,VIA PIANODARDINE,Acque meteoriche di prima pioggia,Industriali,,Fiume Sabato,Fiume Sabato,2025-04-07T00:00:00,SI,D. Lgs. 152/06 - Allegato  5 - Tabella 3,,,iniziativa
201,AVELLINO*,AVELLINO,VIA PIANODARDINE,Acque meteoriche di prima pioggia,Industriali,,Fiume Sabato,Fiume Sabato,2025-12-10T00:00:00,SI,D. Lgs. 152/06 - Allegato  5 - Tabella 3,,,iniziativa
202,AVELLINO*,LUOGOSANO,ZONA INDUSTRIALE,Industriale,Industriali,,Fiume Calore,Fiume Calore,2024-01-10T00:00:00,SI,D. Lgs. 152/06 - Allegato  5 - Tabella 3,,,iniziativa
203,BENEVENTO,AIROLA ,Contrada Curso,Comunale,Urbani,8550,Fiume Isclero,Fiume Volturno,2026-06-01T00:00:00,SI,D. Lgs. 152/06 - Allegato  5 - Tabella 3,Conforme,,iniziativa
204,BENEVENTO,CERRETO SANNITA,VIA COSTE CENTRO URBANO,Comunale,Urbani,6000,Torrente Titerno,Fiume Volturno,2026-03-02T00:00:00,SI,D. Lgs. 152/06 - Allegato  5 - Tabella 3,Conforme,,iniziativa
205,BENEVENTO,PIETRALCINA,VIA Quadrelli,Comunale,Urbani,3000,Torrente Naturale a valle,Fiume Volturno,2024-06-03T00:00:00,SI,D. Lgs. 152/06 - Allegato  5 - Tabella 3,Non Conforme, Escherichia coli,iniziativa
206,BENEVENTO,SAN GIORGIO DEL SANNIO,VIA BOSCO LUCARELLI,Comunale,Urbani,9500,Vallone SAN MARTINO,Fiume Calore ,2026-05-01T00:00:00,SI,D. Lgs. 152/06 - Allegato  5 - Tabella 3,Non Conforme,Tensioattivi totali e Escherichia coli,iniziativa
207,CASERTA,CASTELVOLTURNO,VIA FIUME TRONTO,Biologico,Urbani,4500,Fiume Volturno,Mare,2024-08-07T00:00:00,SI,D. Lgs. 152/06 - Allegato  5 - Tabella 3,Conforme,,ATTIVITA' IN SUPPORTO P.G.-MC 3H.
208,CASERTA,CASTELVOLTURNO,VIA FIUME TRONTO,Biologico,Urbani,4500,Fiume Volturno,Mare,2024-09-07T00:00:00,SI,D. Lgs. 152/06 - Allegato  5 - Tabella 1,Conforme,,"I Cloruri rinvenuti nello scarico in uscita in concentrazioni superiori al limite normativo, sono confrontabili con i Clouri realtivi alle acque reflue in ingresso"
209,CASERTA,CELLOLE,LOC. DOCCIA,Biologico,Urbani,90000,Fosso Ariella,Mare,2025-03-07T00:00:00,SI,D. Lgs. 152/06 - Allegato  5 - Tabella 3,Conforme,,CAMPIONAMENTO MC 3H
210,CASERTA,CELLOLE,LOC. DOCCIA,Biologico,Urbani,90000,Fosso Ariella,Mare,2025-04-07T00:00:00,SI,D. Lgs. 152/06 - Allegato  5 - Tabella 1,Conforme,,CAMPIONAMENTO MC 24H
211,CASERTA,GRAZZANISE,Fraz. Brezza,Depuratore,Urbani,700,Canale Di Bon.F. S.Andrea,Canale Agnena,2026-03-02T00:00:00,NO,,,,"campionamento non eseguito, esiti controllo regolamentari"
212,CASERTA,MARCIANISE," S.S. 265 Km 36,200 - Loc. Carbone",Comprensoriale,Urbani (60%) -Industriali (40%),803000,Regi Lagni,Regi Lagni,2024-02-01T00:00:00,SI,D. Lgs. 152/06 - Allegato  5 - Tabella 3,Conforme,,"1° su 3 h 
Vedi Scheda allegata al Verbale 02/SA/24 : IN MANUTENZIONE : DISABBIATURA-DISOL.: LINEA B SX/DX; SEDIMENT. PRIMARIA: LINEA B - TR106; RICIRCOLO FANGHI: LINEA A P111R-LINEA B P113R; FILTRAZIONE: F1-F16; LINEA FANGHI: CENTR.CO301 ."
213,CASERTA,MARCIANISE," S.S. 265 Km 36,200 - Loc. Carbone",Comprensoriale,Urbani (60%) -Industriali (40%),803000,Regi Lagni,Regi Lagni,2024-03-01T00:00:00,SI,D. Lgs. 152/06 - Allegato  5 - Tabella 1 ,Conforme,,1° su 24 h
214,CASERTA,MARCIANISE," S.S. 265 Km 36,200 - Loc. Carbone",Comprensoriale,Urbani (60%) -Industriali (40%),803000,Regi Lagni,Regi Lagni,2024-05-02T00:00:00,SI,D. Lgs. 152/06 - Allegato  5 - Tabella 3,Conforme,,"2° su 3 h                                                                                                                                         
Vedi Scheda allegata al Verbale 18/FD/24 : IN MANUTENZIONE :  DISS.DISOL. : Linea B Sx-Dx sost. valvole; SED. PRIM. Linea B TR 106; RICIRCOLO FANGHI: P113R/LINEA B - P111R/LINEA A; FILTRAZIONE: da F1 a F16; LINEA FANGHI: CO301.-"
215,CASERTA,MARCIANISE," S.S. 265 Km 36,200 - Loc. Carbone",Comprensoriale,Urbani (60%) -Industriali (40%),803000,Regi Lagni,Regi Lagni,2024-06-02T00:00:00,SI,D. Lgs. 152/06 - Allegato  5 - Tabella 1 ,Conforme,,2° su 24 h
216,CASERTA,MARCIANISE," S.S. 265 Km 36,200 - Loc. Carbone",Comprensoriale,Urbani (60%) -Industriali (40%),803000,Regi Lagni,Regi Lagni,2024-05-03T00:00:00,SI,D. Lgs. 152/06 - Allegato  5 - Tabella 3,Conforme,,"3° su 3 h                                                                                                                                     
Vedi Scheda allegata al Verbale 14/DFC/24 : IN MANUTENZIONE :  SOLLEVAMENTO: POMPA 104 R ; DISABBIATURA-DISOLEAZ.: LINEA A SX-LINEA A DX; SED. PRIMARIA: LINEA B-TR106;  RICIRCOLO FANGHI: LINEA B P113R-LINEA A P111R ; FILTRAZIONE: da F1 a F 16;  LINEA FANGHI: CENTR. CO301.-"
217,CASERTA,MARCIANISE," S.S. 265 Km 36,200 - Loc. Carbone",Comprensoriale,Urbani (60%) -Industriali (40%),803000,Regi Lagni,Regi Lagni,2024-06-03T00:00:00,SI,D. Lgs. 152/06 - Allegato  5 - Tabella 1 ,Conforme,,3° su 24 h
218,CASERTA,MARCIANISE," S.S. 265 Km 36,200 - Loc. Carbone",Comprensoriale,Urbani (60%) -Industriali (40%),803000,Regi Lagni,Regi Lagni,2025-10-04T00:00:00,SI,D. Lgs. 152/06 - Allegato  5 - Tabella 3,Non Conforme, Escherichia coli,"                                                                                     
4° su 3 h                                                                                                                                                                                   In merito alla funzionalità impianto vedi scheda allegata al Verbale 68/FD/24. In Manutenzione: SOLLEVAMENTO COCLEA 104A(MANCATA RIFUNZIONALIZZAZIONE) ;Disoleatore: linea A : SX-DX; Sediment. Primaria :TR106; RICIRCOLO FANGHI: LINEA B- P113R--LINEA A- P111R ; FILTRAZIONE:DA F1 a F16; LINEA FANGHI CO301.-"
219,CASERTA,MARCIANISE," S.S. 265 Km 36,200 - Loc. Carbone",Comprensoriale,Urbani (60%) -Industriali (40%),803000,Regi Lagni,Regi Lagni,2025-11-04T00:00:00,SI,D. Lgs. 152/06 - Allegato  5 - Tabella 1 ,Conforme,,4° su 24 h
220,CASERTA,MARCIANISE," S.S. 265 Km 36,200 - Loc. Carbone",Comprensoriale,Urbani (60%) -Industriali (40%),803000,Regi Lagni,Regi Lagni,2025-02-05T00:00:00,SI,D. Lgs. 152/06 - Allegato  5 - Tabella 3,Conforme,,5° su 3 h                                                                                                                                           Vedi Scheda allegata al Verbale 79/FD/24 : IN MANUTENZIONE :SOLLEVAMENTO: P104a; SEDIM.PRIMARIA:LINEA B-TR106 ; RICIRCOLO FANGHI: P113R-P111R; FILTRAZIONE: F1-F16 ; LINEA FANGHI: CENTR.CO301 .-
221,CASERTA,MARCIANISE," S.S. 265 Km 36,200 - Loc. Carbone",Comprensoriale,Urbani (60%) -Industriali (40%),803000,Regi Lagni,Regi Lagni,2025-03-05T00:00:00,SI,D. Lgs. 152/06 - Allegato  5 - Tabella 1 ,Conforme,,5° su 24 h
222,CASERTA,MARCIANISE," S.S. 265 Km 36,200 - Loc. Carbone",Comprensoriale,Urbani (60%) -Industriali (40%),803000,Regi Lagni,Regi Lagni,2024-10-06T00:00:00,SI,D. Lgs. 152/06 - Allegato  5 - Tabella 3,Non Conforme, Escherichia coli,6° su 3 h                                                                                                                                           Vedi Scheda allegata al Verbale 55/DSF/24 : IN MANUTENZIONE :  SED. PRIMARIA: LINEA B-TR106; SEDIM.SECONDARIA:LINEA B-TR114 ; RICIRCOLO FANGHI: P111R-P113R; FILTRAZIONE: F1-F16;  LINEA FANGHI: MS303-CENTR. CO301.-
223,CASERTA,MARCIANISE," S.S. 265 Km 36,200 - Loc. Carbone",Comprensoriale,Urbani (60%) -Industriali (40%),803000,Regi Lagni,Regi Lagni,2024-11-06T00:00:00,SI,D. Lgs. 152/06 - Allegato  5 - Tabella 1 ,Conforme,,6° su 24 h
224,CASERTA,MARCIANISE," S.S. 265 Km 36,200 - Loc. Carbone",Comprensoriale,Urbani (60%) -Industriali (40%),803000,Regi Lagni,Regi Lagni,2024-10-07T00:00:00,SI,D. Lgs. 152/06 - Allegato  5 - Tabella 3,Conforme,,7° su 3 h                                                                                                                                     Vedi Scheda allegata al Verbale 122/FD/24 : IN MANUTENZIONE :   SOLLEVAMENTO: POMPA 104;SEDIM. PRIMARIA: LINEA B-TR106; SEDIM. SECOND.: LINEA B - TR114;  RICIRCOLO FANGHI: A-P111R_B-P113R; FILTRAZIONE:  F1 e daF9 a F 16;  LINEA FANGHI: CO301.-
225,CASERTA,MARCIANISE," S.S. 265 Km 36,200 - Loc. Carbone",Comprensoriale,Urbani (60%) -Industriali (40%),803000,Regi Lagni,Regi Lagni,2024-11-07T00:00:00,SI,D. Lgs. 152/06 - Allegato  5 - Tabella 1 ,Conforme,,7° su 24 h
226,CASERTA,MARCIANISE," S.S. 265 Km 36,200 - Loc. Carbone",Comprensoriale,Urbani (60%) -Industriali (40%),803000,Regi Lagni,Regi Lagni,2024-05-08T00:00:00,SI,D. Lgs. 152/06 - Allegato  5 - Tabella 3,Conforme,,8° 3 h                                                                                                                                          Vedi Scheda allegata al Verbale 82/DSF/24 : IN MANUTENZIONE : Sollevamento:104;  SED. PRIMARIA. B-TR106; RICIRCOLO FANGHI: A-P111R  B-P113R; FILTRAZIONE: da F1 - F 10 -F16; 
227,CASERTA,MARCIANISE," S.S. 265 Km 36,200 - Loc. Carbone",Comprensoriale,Urbani (60%) -Industriali (40%),803000,Regi Lagni,Regi Lagni,2024-06-08T00:00:00,SI,D. Lgs. 152/06 - Allegato  5 - Tabella 1 ,Conforme,,8° su 24 h
228,CASERTA,MONDRAGONE,LOC.STERCOLILLI-SANCELLO,Biologico,Urbani,60000,Condotta sottomarina,Mare,2026-02-08T00:00:00,SI,D. Lgs. 152/06 - Allegato  5 - Tabella 3,Non Conforme, Escherichia coli,CAMPIONAMENTO MC 3H
229,CASERTA,MONDRAGONE,LOC.STERCOLILLI-SANCELLO,Biologico,Urbani,60000,Condotta sottomarina,Mare,2026-03-08T00:00:00,SI,D. Lgs. 152/06 - Allegato  5 - Tabella 1,Conforme,,CAMPIONAMENTO MC 24H
230,CASERTA,ORTA DI ATELLA,Strada Prov.Le Succivo-Marcianise,Comprensoriale,Urbani,391016,Regi Lagni,Regi Lagni,2024-02-03T00:00:00,SI,D. Lgs. 152/06 - Allegato  5 - Tabella 1,Conforme,,3° su 24 h
231,CASERTA,ORTA DI ATELLA,Strada Prov.Le Succivo-Marcianise,Comprensoriale,Urbani,391016,Regi Lagni,Regi Lagni,2024-03-01T00:00:00,SI,D. Lgs. 152/06 - Allegato  5 - Tabella 3,Conforme,,"                                                                                    
1° su 3 h                                                                                                                                          
In merito alla funzionalità impianto vedi scheda allegata al Verbale 02/FD/24. In Manutenzione: GRIGL.GROSS. :MS101B; GRIGL. FINE : GRIGLIE 4-5-6-7; DISSABB./DISOL. : FERMO L'INTERO COMPARTO; Sollevamento: COCLEA MP101A DISATTIVATA;  Sediment. Primaria S109D; OSS.BIOL. VASCHE S111A-S111B;FILTRAZIONE: da F1 a F8;"
232,CASERTA,ORTA DI ATELLA,Strada Prov.Le Succivo-Marcianise,Comprensoriale,Urbani,391016,Regi Lagni,Regi Lagni,2024-04-01T00:00:00,SI,D. Lgs. 152/06 - Allegato  5 - Tabella 1,Conforme,,1° su 24 h
233,CASERTA,ORTA DI ATELLA,Strada Prov.Le Succivo-Marcianise,Comprensoriale,Urbani,391016,Regi Lagni,Regi Lagni,2024-07-02T00:00:00,SI,D. Lgs. 152/06 - Allegato  5 - Tabella 3,Conforme,,"                                                                           2° su 3 h                                                                                                                                          
In merito alla funzionalità impianto vedi scheda allegata al Verbale 06/DFC/24. In Manutenzione: Grigliatura fine: griglia 7; DISSABB. :LineaB MS103C-MS103A -MS103B;Sollevamento: COCLEA mp101a rimossa;  DISABBIATURA: Linea A/MS103B; DISOLEATORE: comparto in manutenzione ordinaria; Sediment. Primaria S109B-S109D; Pompe ricircolo fanghi: MP105C; Filtrazione: F2-F4-F7 .- "
234,CASERTA,ORTA DI ATELLA,Strada Prov.Le Succivo-Marcianise,Comprensoriale,Urbani,391016,Regi Lagni,Regi Lagni,2024-08-02T00:00:00,SI,D. Lgs. 152/06 - Allegato  5 - Tabella 1,Conforme,,2° su 24 h
235,CASERTA,ORTA DI ATELLA,Strada Prov.Le Succivo-Marcianise,Comprensoriale,Urbani,391016,Regi Lagni,Regi Lagni,2025-01-03T00:00:00,SI,D. Lgs. 152/06 - Allegato  5 - Tabella 3,Conforme,,                                                                                      3° su 3 h                                                                                                                                          In merito alla funzionalità impianto vedi scheda allegata al Verbale 20/DSF/24. In Manutenzione: SOLLEVAMENTO: COCLEA MP101 A; GRIGLIATURA FINE : GRIGLIA 7;   Sediment. Primaria S109D; RICIRCOLO FANGHI: POMPA MP105 E; FILTRAZIONE: F6-F7;  UV1 ; LINEA fanghi :MS203C;
236,CASERTA,ORTA DI ATELLA,Strada Prov.Le Succivo-Marcianise,Comprensoriale,Urbani,391016,Regi Lagni,Regi Lagni,2025-10-04T00:00:00,SI,D. Lgs. 152/06 - Allegato  5 - Tabella 3,Conforme,,                                                                                      4° su 3 h                                                                                                                                          In merito alla funzionalità impianto vedi scheda allegata al Verbale 40/DSF/24. In Manutenzione: SOLLEVAMENTO COCLEA 101A(MANCATA RIFUNZIONALIZZAZIONE) ; GRIGLIATURA FINE: GRIGLIA 6; DISABBIATURA: MS103 A-B; DISOLEATORE: Tutta la linea A e B;Sediment. Primaria :S109D; ; Ricircolo fanghi MP105E; LINEA FANGHI MS103B.-
237,CASERTA,ORTA DI ATELLA,Strada Prov.Le Succivo-Marcianise,Comprensoriale,Urbani,391016,Regi Lagni,Regi Lagni,2025-11-04T00:00:00,SI,D. Lgs. 152/06 - Allegato  5 - Tabella 1,Conforme,,4° su 24 h
238,CASERTA,ORTA DI ATELLA,Strada Prov.Le Succivo-Marcianise,Comprensoriale,Urbani,391016,Regi Lagni,Regi Lagni,2025-09-05T00:00:00,SI,D. Lgs. 152/06 - Allegato  5 - Tabella 3,Conforme,,                                                                                      5° su 3 h                                                                                                                                          In merito alla funzionalità impianto vedi scheda allegata al Verbale 49/DSF/24. In Manutenzione:GRIGLIATURA FINE: Griglia 6 ; DISSABB. :LineaB MS103A-MS103B; DISOLEAT.: LINEAB S106A-S106B; Sollevamento: MP101A DISMESSA; GRIGL. FINE: GRIGLIA 6; Sediment. Primaria S109D ; Linea fanghi Centrif. MS203B; RICIRCOLO FANGHI: MP105E; FILTRAZIONE: F2-F3-F5. 
239,CASERTA,ORTA DI ATELLA,Strada Prov.Le Succivo-Marcianise,Comprensoriale,Urbani,391016,Regi Lagni,Regi Lagni,2025-10-05T00:00:00,SI,D. Lgs. 152/06 - Allegato  5 - Tabella 1,Conforme,,5° su 24 h
240,CASERTA,ORTA DI ATELLA,Strada Prov.Le Succivo-Marcianise,Comprensoriale,Urbani,391016,Regi Lagni,Regi Lagni,2024-03-06T00:00:00,SI,D. Lgs. 152/06 - Allegato  5 - Tabella 3,Conforme,,                                                                                     6° su 3 h                                                                                                                                          In merito alla funzionalità impianto vedi scheda allegata al Verbale 90/FD/24. In Manutenzione: Grigliatura fine: griglia 6-7-8-9; SOLLEV. : MP101A DISMESSA;DISSABB. :LineaA -MS103A -MS103B;Sollevamento: MP101A DISMESSA; DISOL.:LINEA A- S106A-S106B; OSSID. BIO/DENITRO: S111A-S111B;  Sediment. Second. S113c;  Ricircolo fanghi :.MP105E; CLORAZIONE: VASCA S115; LINEA FANGHI: MS203B
241,CASERTA,ORTA DI ATELLA,Strada Prov.Le Succivo-Marcianise,Comprensoriale,Urbani,391016,Regi Lagni,Regi Lagni,2024-04-06T00:00:00,SI,D. Lgs. 152/06 - Allegato  5 - Tabella 1,Conforme,,6° su 24 h
242,CASERTA,ORTA DI ATELLA,Strada Prov.Le Succivo-Marcianise,Comprensoriale,Urbani,391016,Regi Lagni,Regi Lagni,2024-03-07T00:00:00,SI,D. Lgs. 152/06 - Allegato  5 - Tabella 3,Conforme,,                                                                                     7° su 3 h                                                                                                                                          In merito alla funzionalità impianto vedi scheda allegata al Verbale 62/DSF/24. In Manutenzione:  GRIGLIATURA FINE : GRIGLIE da 6 a 9;  DISOLEAT.Linea A-B S106A/B; DISSABB.RA: LINEA A-MS103A-B; Sediment. Primaria S109C;  RIRCOLO FANGHI: MP105E; FILTRAZIONE: da F1-F8; LINEA fanghi :MS203B;
243,CASERTA,ORTA DI ATELLA,Strada Prov.Le Succivo-Marcianise,Comprensoriale,Urbani,391016,Regi Lagni,Regi Lagni,2024-04-07T00:00:00,SI,D. Lgs. 152/06 - Allegato  5 - Tabella 1,Conforme,,7° su 24 h
244,CASERTA,VILLA LITERNO,Localita' Quarto Di Basso,Comprensoriale,Urbani (85%) -Industriali (15%),631714,Regi Lagni,Regi Lagni,2026-04-08T00:00:00,SI,D. Lgs. 152/06 - Allegato  5 - Tabella 3,Conforme,,8° su 3 h                                                                                                                                         Vedi scheda allegata al Verbale 141/FD/24. In Manutenzione: Sollevamento-Coclea 101; SED. PRIMARIA: SP3;  Ricirc. fanghi 620 (In esercizio una centrifuga mobile); OSS. BIOL.-DENITRO : Vasca 11; FILTRAZIONE: F3-F11-F12;  
245,NAPOLI,CAIVANO,Loc. Omomorto,Comprensoriale,Urbani,276000,Corpo Idrico Superficiale,Regi Lagni,2024-08-02T00:00:00,SI,D. Lgs. 152/06 - Allegato  5 - Tabella 1,Conforme,/,/
